[{"model": "products.category", "pk": 8, "fields": {"name": "Best Sellers", "description": "All our best selling shoes.", "friendly_name": "Best Sellers"}}, {"model": "products.category", "pk": 9, "fields": {"name": "New Arrivals", "description": "Our latest pointe shoes.", "friendly_name": "New Arrivals"}}, {"model": "products.category", "pk": 10, "fields": {"name": "Endorsed by professional dancers", "description": "Our selection recommended by professional dancers.", "friendly_name": "Endorsed by professional dancers"}}, {"model": "products.category", "pk": 11, "fields": {"name": "Recommended for beginners", "description": "A selection of pointe shoes for beginner pointe level.", "friendly_name": "Recommended for beginners"}}, {"model": "products.category", "pk": 12, "fields": {"name": "Recommended for intermediate dancers", "description": "A selection of our shoes recommended for intermediate level dancers.", "friendly_name": "Intermediate dancers"}}, {"model": "products.category", "pk": 13, "fields": {"name": "Shoes for wide feet", "description": "Pointe shoes that are wider fit.", "friendly_name": "Wide fit"}}, {"model": "products.category", "pk": 14, "fields": {"name": "Shoes for narrow feet", "description": "Shoes that fit narrow feet.", "friendly_name": "Narrow fit"}}, {"model": "products.category", "pk": 15, "fields": {"name": "Shoes for beginners", "description": "Pointe shoes recommended for beginners.", "friendly_name": "Beginner Shoes"}}, {"model": "products.category", "pk": 16, "fields": {"name": "Traditional", "description": "Traditional selection of handmade pointe shoes, crafted using traditional techniques.", "friendly_name": "Traditional"}}, {"model": "products.category", "pk": 17, "fields": {"name": "Russian style", "description": "A selection of russian style crafted pointe shoes.", "friendly_name": "Russain style"}}, {"model": "products.category", "pk": 18, "fields": {"name": "Split sole", "description": "A selction of split sole pointe shoes, suitable for lower arch feet.", "friendly_name": "Split sole"}}, {"model": "products.category", "pk": 19, "fields": {"name": "Medium fit", "description": "Pointe shoes that are suited to a medium width foot.", "friendly_name": "Medium fit"}}, {"model": "products.category", "pk": 20, "fields": {"name": "Wide fit", "description": "A selection of shoes for dancers with a wide foot.", "friendly_name": "Wide fit"}}, {"model": "products.category", "pk": 21, "fields": {"name": "Extra wide fit", "description": "A selection of shoes that are suited to very wide feet.", "friendly_name": "Extra wide fit"}}, {"model": "products.pointeshoebrand", "pk": 7, "fields": {"name": "Freed of London", "description": "Freed of London  is a designer and manufacturer of pointe shoes and other dance shoes.  Freed of London shoes are handcrafted in the UK", "logo": "pointe-shoes-by-freed-of-london-logo.jpg", "category": 16, "friendly_name": "Freed", "sku": "1"}}, {"model": "products.pointeshoebrand", "pk": 8, "fields": {"name": "Capezio", "description": "Capezio has over 130 years of quality craftsmanship. Capezio is the brand of choice for performers across the globe.", "logo": "capezio-logo_PS6atwb.png", "category": 16, "friendly_name": "Capezio", "sku": "2"}}, {"model": "products.pointeshoebrand", "pk": 9, "fields": {"name": "Bloch", "description": "Bloch is the world’s leading provider of dance footwear. We still make all our pointe shoes by hand. Bloch has built a track record for delivering both high quality and break-through innovation. We are constantly innovating, improving, and adapting our range to better meet the needs of our dancers around the world.", "logo": "bloch_logo_o7Jli16.jpg", "category": 16, "friendly_name": "Bloch", "sku": "3"}}, {"model": "products.pointeshoebrand", "pk": 10, "fields": {"name": "Grishko", "description": "The company was founded in 1989 by Nikolay Grishko in Moscow, Russia. It is an international company with four factories in Europe and sales in over 70 countries.", "logo": "black-grishko-logo.webp", "category": 17, "friendly_name": "Grishko", "sku": "4"}}, {"model": "products.size", "pk": 1, "fields": {"size": "34"}}, {"model": "products.size", "pk": 2, "fields": {"size": "35"}}, {"model": "products.size", "pk": 3, "fields": {"size": "36"}}, {"model": "products.size", "pk": 4, "fields": {"size": "33"}}, {"model": "products.size", "pk": 5, "fields": {"size": "37"}}, {"model": "products.size", "pk": 6, "fields": {"size": "38"}}, {"model": "products.size", "pk": 7, "fields": {"size": "39"}}, {"model": "products.size", "pk": 8, "fields": {"size": "40"}}, {"model": "products.size", "pk": 9, "fields": {"size": "41"}}, {"model": "products.size", "pk": 10, "fields": {"size": "42"}}, {"model": "products.size", "pk": 11, "fields": {"size": "43"}}, {"model": "products.size", "pk": 12, "fields": {"size": "44"}}, {"model": "products.size", "pk": 13, "fields": {"size": "45"}}, {"model": "products.width", "pk": 1, "fields": {"width": "x"}}, {"model": "products.width", "pk": 2, "fields": {"width": "xx"}}, {"model": "products.width", "pk": 3, "fields": {"width": "xxx"}}, {"model": "products.width", "pk": 4, "fields": {"width": "xxxx"}}, {"model": "products.width", "pk": 5, "fields": {"width": "xxxxx"}}, {"model": "products.color", "pk": 1, "fields": {"name": "satin_pink", "friendly_name": "Satin Pink"}}, {"model": "products.color", "pk": 2, "fields": {"name": "satin_beige", "friendly_name": "Satin Beige"}}, {"model": "products.pointeshoe", "pk": 23, "fields": {"name": "Grishko 2007", "sku": "1", "brand": 10, "width": "x", "shank": "m", "color": 1, "price": "112.00", "status": "beginner", "arch": "medium", "link": null, "ribbon": "pink", "feature": "It has a medium rather flat toe platform and a classical vamp . It assures an exquisite line of the foot and arch and it is recommended for all types of feet . Grishko-2007 is a specially designed extra light model with a suede machine-stitched sole. It provides an easy transition from the demi-pointe to the pointe and back. The shoe is distinguished by its perfect balance and placement, outstanding durability, lack of noise and perfect comfort.", "category": 8, "image_url": null, "image": "grishko_2007.jpg", "available_sizes": [1, 2, 3, 4, 5, 6, 7, 8, 9], "available_widths": [1, 2, 3, 4, 5]}}, {"model": "products.pointeshoe", "pk": 24, "fields": {"name": "DreamPointe 2007", "sku": "2", "brand": 10, "width": "xxx", "shank": "s", "color": 1, "price": "112.00", "status": "advanced", "arch": "medium", "link": null, "ribbon": "pink", "feature": "More than 3 times longer lifespan vs. classical styles due to the- state-of -art chemical-free insole materials. Paste-free and the use of thermoformable materials help make the insole very lightweight. The box made of natural materials absorbs moisture and is adjustable to the foot arch. The insole is assembled by hand and with care for any foot work and muscle strengthening. Forefront padding and pillow-like insole guarantee added comfort and cosiness. The heel is 5 mm lower than in Grishko-2007.", "category": 19, "image_url": null, "image": "grishko-grishko-dream-pointe.webp", "available_sizes": [1, 2, 3, 4, 5, 6, 7, 8, 9, 10, 11], "available_widths": [3, 4]}}, {"model": "products.pointeshoe", "pk": 25, "fields": {"name": "Maya 1", "sku": "3", "brand": 10, "width": "xx", "shank": "ss", "color": 1, "price": "98.00", "status": "beginner", "arch": "low", "link": null, "ribbon": "pink", "feature": "Manufactured from natural materials, which provide excellent hygienic properties, offer a maximum of comfort. This shoe has a V-shaped medium vamp, medium toe platform and fits standard feet. The shoe is extra light because of the specially designed machine-stitched suede sole.  The pale salmon satin shoe is extremely quiet and comfortable. We recommend you to see \"Maya I Pro\" with sound absorbing Pro Technology making the shoe practically silent on stage.", "category": 11, "image_url": null, "image": "grishko-maya-1-pointe-shoe.webp", "available_sizes": [1, 2, 3, 4, 5, 6, 7, 8, 9], "available_widths": [1, 2, 3, 4, 5]}}, {"model": "products.pointeshoe", "pk": 26, "fields": {"name": "StarPointe", "sku": "4", "brand": 10, "width": "xxx", "shank": "h", "color": 1, "price": "112.00", "status": "advanced", "arch": "high", "link": null, "ribbon": "pink", "feature": "The specially designed polymer shank is very supportive while also being flexible enough to form perfectly to any dancer’s arch. A slightly raised heel offers fuller coverage and security. StarPointe features an elasticated binding for a streamlined fit. Thermoformable shank lasts longer and gives both flexibility and resilient support to the foot.", "category": 12, "image_url": null, "image": "Grishko_3007_Pointe_Shoe.jpg", "available_sizes": [1, 2, 3, 4, 5, 6, 7, 8, 9, 10], "available_widths": [3, 4]}}, {"model": "products.pointeshoe", "pk": 27, "fields": {"name": "Classic Light", "sku": "5", "brand": 7, "width": "xxx", "shank": "m", "color": 1, "price": "85.00", "status": "beginner", "arch": "medium", "link": null, "ribbon": "pink", "feature": "ntirely hand made according to Freed who use biodegradable materials. Medium/souple shank, deep vamp, low sides and elastic drawstring to flatter the line on pointe.", "category": 11, "image_url": null, "image": "classic_light_2M9269R.png", "available_sizes": [1, 2, 3, 5, 6, 7, 8], "available_widths": [2, 3, 4]}}, {"model": "products.pointeshoe", "pk": 28, "fields": {"name": "Classic Pro", "sku": "6", "brand": 7, "width": "xxx", "shank": "h", "color": 1, "price": "90.00", "status": "advanced", "arch": "high", "link": null, "ribbon": "pink", "feature": "This hand crafted pointe shoe from Freed of London has flexibility at the demi-pointe, and a graduated insole for optimum angle en pointe. The forward pitched platform and long v cut vamp gives the foot a great line, and the sides and back are lower.", "category": 10, "image_url": null, "image": "classic_pro_hard_3wL7ZDU.jpg", "available_sizes": [1, 2, 3, 4, 5, 6, 7, 8, 9, 10, 11], "available_widths": [1, 2, 3, 4, 5]}}, {"model": "products.pointeshoe", "pk": 29, "fields": {"name": "Classic", "sku": "7", "brand": 7, "width": "xxx", "shank": "h", "color": 2, "price": "85.00", "status": "beginner", "arch": "medium", "link": null, "ribbon": "beige", "feature": "This hand crafted pointe shoe from Freed of London has flexibility at the demi-pointe, and a graduated insole for optimum angle en pointe. The forward pitched platform and long v cut vamp gives the foot a great line, and the sides and back are lower.", "category": 9, "image_url": null, "image": "classic_freed_beige.jpg", "available_sizes": [1, 2, 3, 4, 5, 6, 7, 8, 9, 10, 11, 12], "available_widths": [2, 3, 4]}}, {"model": "products.pointeshoe", "pk": 30, "fields": {"name": "Studio II", "sku": "8", "brand": 7, "width": "xxx", "shank": "s", "color": 2, "price": "105.00", "status": "beginner", "arch": "low", "link": null, "ribbon": "beige", "feature": "This hand crafted pointe shoe from Freed of London has flexibility at the demi-pointe, and a graduated insole for optimum angle en pointe. The forward pitched platform and long v cut vamp gives the foot a great line, and the sides and back are lower.", "category": 8, "image_url": null, "image": "studio_II.jpg", "available_sizes": [1, 2, 3, 4, 5, 6, 7, 8, 9, 10, 11], "available_widths": [1, 2, 3, 4]}}, {"model": "products.pointeshoe", "pk": 31, "fields": {"name": "Ava", "sku": "9", "brand": 8, "width": "xxx", "shank": "m", "color": 2, "price": "95.00", "status": "beginner", "arch": "medium", "link": null, "ribbon": "pink", "feature": "The Ava Pointe Shoe. This premium pointe shoe has a broad, feathered toe box and a combination, full 2.5\" leather board and red board shank that offers flexibility to the arch. Features a high and wide platform for much needed balance at the barre.", "category": 8, "image_url": null, "image": "capezio_ava_pointe_shoe.jpg", "available_sizes": [1, 2, 3, 4, 5, 6, 7, 8, 9, 10, 11, 12, 13], "available_widths": [1, 2, 3, 4, 5]}}, {"model": "products.pointeshoe", "pk": 32, "fields": {"name": "Ava Pro", "sku": "10", "brand": 8, "width": "xxx", "shank": "m", "color": 1, "price": "85.00", "status": "advanced", "arch": "high", "link": null, "ribbon": "pink", "feature": "The Ava Pro Pointe Shoe. This premium pointe shoe has a broad, feathered toe box and a combination, full 2.5\" leather board and red board shank that offers flexibility to the arch. Features a high and wide platform.", "category": 9, "image_url": null, "image": "capezio_ava_pointe_shoe_petal_pink_1142w_1.jpg", "available_sizes": [1, 2, 3, 4, 5, 6, 7, 8, 9, 10, 11], "available_widths": [3, 4, 5]}}, {"model": "products.pointeshoe", "pk": 33, "fields": {"name": "Kylee", "sku": "11", "brand": 8, "width": "xxx", "shank": "h", "color": 1, "price": "105.00", "status": "beginner", "arch": "medium", "link": null, "ribbon": "pink", "feature": "Moderate inner toe box, three-quarter box with satin binding and elastic drawstring. Flex point on tongue of shank allows for greater flexibility at the ball of the foot. Traditional stitched pleating with quiet toe construction", "category": 16, "image_url": null, "image": "kylee.webp", "available_sizes": [1, 2, 3, 4, 5, 6, 7, 8, 9, 10, 11, 12, 13], "available_widths": [1, 2, 3, 4, 5]}}, {"model": "products.pointeshoe", "pk": 34, "fields": {"name": "Contempora", "sku": "13", "brand": 8, "width": "xxx", "shank": "m", "color": 1, "price": "85.00", "status": "beginner", "arch": "low", "link": null, "ribbon": "pink", "feature": "The Contempora Pointe Shoe from Capezio features a medium vamp and a slightly tapered toe box. With a slight v shaped throat detail, this beautiful pair of shoes is lined with soft cotton to ensure that your feet remain comfortable during your pointe work.", "category": 11, "image_url": null, "image": "Capezio_Capezio_Contempora_Pointe_Shoe.jpg", "available_sizes": [1, 2, 3, 4, 5, 6, 7, 8, 9, 10], "available_widths": [3, 4]}}, {"model": "products.pointeshoe", "pk": 35, "fields": {"name": "Phoenix", "sku": "14", "brand": 8, "width": "xxx", "shank": "h", "color": 1, "price": "85.00", "status": "beginner", "arch": "medium", "link": null, "ribbon": "pink", "feature": "Slightly raised sides accommodate higher insteps. High and feathered wings provide lateral support. Moderate crown is hand flattened for sleek fit and feel. High and wide platform for easy balancing; removable surgical gel on internal platform edge to alleviate toe pressure.", "category": 11, "image_url": null, "image": "capezio_phoenix_pointe_shoe.jpg", "available_sizes": [1, 2, 3, 4, 5, 6, 7, 8], "available_widths": [2, 3, 4]}}, {"model": "products.pointeshoe", "pk": 36, "fields": {"name": "Heritage", "sku": "15", "brand": 9, "width": "xxx", "shank": "ss", "color": 2, "price": "95.00", "status": "beginner", "arch": "low", "link": null, "ribbon": "beige", "feature": "The shank is designed to be flexible, supportive en pointe and durable, which makes it an ideal shoe for both rehearsal and performance. The medium strength, gently curved shank promotes foot articulation and can help the dancer achieve demi pointe. Flat pleating under the box creates a smooth surface and greater stability when running, walking or standing flat. The improved, cupped heel shape incorporates a heel counter, providing the dancer with a feeling of security and snug fit ⁠— this also assists in maintaining the shape of the shoe in both the standing and en pointe positions.", "category": 15, "image_url": null, "image": "heritage.webp", "available_sizes": [1, 2, 3, 5, 6, 7, 8], "available_widths": [2, 3, 4]}}, {"model": "products.pointeshoe", "pk": 37, "fields": {"name": "Balance", "sku": "16", "brand": 9, "width": "xxx", "shank": "ss", "color": 2, "price": "85.00", "status": "beginner", "arch": "low", "link": null, "ribbon": "beige", "feature": "Balance has a curved last which follows the natural contours of the foot, providing maximum comfort and injury protection. The Balance European allows the dancer to feel as though they can stand en pointe all day, as the curved last and shank remain in close contact with the instep, significantly improving injury protection. The exterior of the shoe has a more streamlined appearance without losing the width of the platform. The generous platform encourages balanced weight distribution and can reduce pressure on individual metatarsals. Diagonal side seam reduces satin creasing. The low profile of the shoe, medium side, open throat line of the vamp shape, and elastic drawstring, creates a streamlined, snug fit.", "category": 21, "image_url": null, "image": "balance.webp", "available_sizes": [1, 2, 3, 4, 5, 6, 7, 8, 9, 10, 11, 12, 13], "available_widths": [3, 4, 5]}}, {"model": "products.pointeshoe", "pk": 38, "fields": {"name": "Eurostretch", "sku": "17", "brand": 9, "width": "xx", "shank": "s", "color": 1, "price": "85.00", "status": "beginner", "arch": "medium", "link": null, "ribbon": "pink", "feature": "Eurostretch is one of BLOCH's new and exciting ranges of pointe shoes, boasting groundbreaking innovation. With the latest stretch materials, these features combine to allow ultimate articulation of the foot and unparalleled connection between foot and shoe.", "category": 9, "image_url": null, "image": "Bloch-Eurostretch-Pointe-Shoe.jpg", "available_sizes": [1, 2, 3, 4, 5, 6, 7, 8, 9, 10], "available_widths": [3, 4]}}, {"model": "products.pointeshoe", "pk": 39, "fields": {"name": "Triomphe", "sku": "19", "brand": 9, "width": "xxx", "shank": "m", "color": 1, "price": "85.00", "status": "advanced", "arch": "high", "link": null, "ribbon": "pink", "feature": "The Triomphe is a tapered platform pointe shoe featuring a suede toe cap to reduce wear and tear on the platform, and help prevent slipping on the corners of the platform.", "category": 19, "image_url": null, "image": "triomphe.webp", "available_sizes": [1, 2, 3, 4, 5, 6, 7, 8, 9, 10, 11, 12, 13], "available_widths": [2, 3]}}, {"model": "products.pointeshoe", "pk": 40, "fields": {"name": "Cambre Broad", "sku": "21", "brand": 8, "width": "xxxxx", "shank": "m", "color": 1, "price": "95.00", "status": "beginner", "arch": "medium", "link": null, "ribbon": "pink", "feature": "The innovative features include:\r\n* Broad toe - #4 shank (3/4 shank length)\r\n* Rayon satin upper, leather sole\r\n* Lower crown, deep vamp\r\n* Full wing box for lateral support\r\n* Sculpted arch with greater heel curve\r\n* Shorter outsole length. Outsole is scored to enhance traction and thin in design to allow you to stand close to the floor\r\n* Plush rose colour anti slip sock lining\r\n* Bias side seam and stitched platform that eliminates pleats\r\n* Elasticised binding with elastic drawstring\r\n* Ribbons not included\r\n* Material: Satin\r\n* Sole: Leather\r\n* Lining: Cotton", "category": 20, "image_url": null, "image": "cambre.webp", "available_sizes": [1, 2, 3, 4, 5, 6, 7, 8, 9, 10, 11, 12, 13], "available_widths": [4, 5]}}, {"model": "products.pointeshoe", "pk": 41, "fields": {"name": "Serenade Strong", "sku": "22", "brand": 9, "width": "xxx", "shank": "sh", "color": 1, "price": "85.00", "status": "advanced", "arch": "high", "link": null, "ribbon": "pink", "feature": "Offering all the wonderful attributes of the Serenade but with a stronger shank, the Serenade Strong is designed with extra support to control the foot laterally, offering a narrow, snug fit at the heel. The wide platform helps dancers inclined to sickle or fall off pointe sideways.", "category": 14, "image_url": null, "image": "serenade.webp", "available_sizes": [1, 2, 3, 4, 5, 6, 7, 8, 9, 10, 11, 12, 13], "available_widths": [1, 2]}}, {"model": "products.pointeshoeproduct", "pk": 18, "fields": {"category": 14, "title": "Serenade Strong", "pointe_shoe": 41, "brand": 9, "availability": true, "sku": "22", "image": "serenade_1PRjhTm.webp", "image_url": null, "price": "85.00"}}, {"model": "products.pointeshoeproduct", "pk": 19, "fields": {"category": 20, "title": "Cambre Broad", "pointe_shoe": 40, "brand": 8, "availability": true, "sku": "21", "image": "cambre_j41gJcd.webp", "image_url": null, "price": "95.00"}}, {"model": "products.pointeshoeproduct", "pk": 20, "fields": {"category": 19, "title": "Triomphe", "pointe_shoe": 39, "brand": 9, "availability": true, "sku": "19", "image": "triomphe_XWwAW7U.webp", "image_url": null, "price": "85.00"}}, {"model": "products.pointeshoeproduct", "pk": 21, "fields": {"category": 9, "title": "Eurostretch", "pointe_shoe": 38, "brand": 9, "availability": true, "sku": "17", "image": "eurostretch.webp", "image_url": null, "price": "85.00"}}, {"model": "products.pointeshoeproduct", "pk": 22, "fields": {"category": 21, "title": "Balance", "pointe_shoe": 37, "brand": 9, "availability": true, "sku": "16", "image": "balance_QrLrZVW.webp", "image_url": null, "price": "85.00"}}, {"model": "products.pointeshoeproduct", "pk": 23, "fields": {"category": 15, "title": "Heritage", "pointe_shoe": 36, "brand": 9, "availability": true, "sku": "15", "image": "heritage_OI9kfuQ.webp", "image_url": null, "price": "95.00"}}, {"model": "products.pointeshoeproduct", "pk": 24, "fields": {"category": 15, "title": "Phoenix", "pointe_shoe": 35, "brand": 8, "availability": true, "sku": "14", "image": "capezio_phoenix_pointe_shoe_tkoxf4l.jpg", "image_url": null, "price": "85.00"}}, {"model": "products.pointeshoeproduct", "pk": 25, "fields": {"category": 15, "title": "Contempora", "pointe_shoe": 34, "brand": 8, "availability": true, "sku": "13", "image": "capezio_contempora_pointe_shoe_european_pink_176_w.jpg", "image_url": null, "price": "85.00"}}, {"model": "products.pointeshoeproduct", "pk": 26, "fields": {"category": 16, "title": "Kylee", "pointe_shoe": 33, "brand": 8, "availability": true, "sku": "11", "image": "kylee_Ha4N3J3.webp", "image_url": null, "price": "105.00"}}, {"model": "products.pointeshoeproduct", "pk": 27, "fields": {"category": 9, "title": "Ava Pro", "pointe_shoe": 32, "brand": 8, "availability": true, "sku": "10", "image": "capezio_ava_pointe_shoe_petal_pink_1142w_1_tx3FIRJ.jpg", "image_url": null, "price": "85.00"}}, {"model": "products.pointeshoeproduct", "pk": 28, "fields": {"category": 8, "title": "Ava", "pointe_shoe": 31, "brand": 8, "availability": true, "sku": "9", "image": "capezio_ava_pointe_shoe_iac2CcI.jpg", "image_url": null, "price": "95.00"}}, {"model": "products.pointeshoeproduct", "pk": 29, "fields": {"category": 8, "title": "Studio II", "pointe_shoe": 30, "brand": 7, "availability": true, "sku": "8", "image": "studio_II_XSnymxU.jpg", "image_url": null, "price": "105.00"}}, {"model": "products.pointeshoeproduct", "pk": 30, "fields": {"category": 9, "title": "Classic", "pointe_shoe": 29, "brand": 7, "availability": true, "sku": "7", "image": "classic_freed_beige_x4Sddts.jpg", "image_url": null, "price": "85.00"}}, {"model": "products.pointeshoeproduct", "pk": 31, "fields": {"category": 10, "title": "Classic Pro", "pointe_shoe": 28, "brand": 7, "availability": true, "sku": "6", "image": "classic_pro_hard_cTXntgH.jpg", "image_url": null, "price": "90.00"}}, {"model": "products.pointeshoeproduct", "pk": 32, "fields": {"category": 11, "title": "Classic Light", "pointe_shoe": 27, "brand": 7, "availability": true, "sku": "5", "image": "classic_light_BTkjApb.png", "image_url": null, "price": "85.00"}}, {"model": "products.pointeshoeproduct", "pk": 33, "fields": {"category": 12, "title": "StarPointe", "pointe_shoe": 26, "brand": 10, "availability": true, "sku": "4", "image": "starpointe.jpg", "image_url": null, "price": "112.00"}}, {"model": "products.pointeshoeproduct", "pk": 34, "fields": {"category": 11, "title": "Maya 1", "pointe_shoe": 25, "brand": 10, "availability": true, "sku": "3", "image": "grishko-maya-1-pointe-shoe_RqgpSdD.webp", "image_url": null, "price": "98.00"}}, {"model": "products.pointeshoeproduct", "pk": 35, "fields": {"category": 19, "title": "DreamPointe 2007", "pointe_shoe": 24, "brand": 10, "availability": true, "sku": "2", "image": "dream_pointe_2007.jpg", "image_url": null, "price": "112.00"}}, {"model": "products.pointeshoeproduct", "pk": 36, "fields": {"category": 8, "title": "Grishko 2007", "pointe_shoe": 23, "brand": 10, "availability": true, "sku": "1", "image": "grishko_2007_gL6amlu.jpg", "image_url": null, "price": "112.00"}}]